{"cameraMode":{"drawMode":0,"name":"Shaded","section":"Shading Mode"},"sceneLighting":true,"audioPlay":false,"sceneViewState":{"showFog":true,"showMaterialUpdate":true,"showSkybox":true,"showFlares":true,"showImageEffects":true,"showParticleSystems":true},"in2DMode":false,"pivot":{"x":-47.69364547729492,"y":-24.484548568725587,"z":-21.82489776611328},"rotation":{"x":-0.12369648367166519,"y":0.8209904432296753,"z":-0.19440846145153047,"w":-0.5223784446716309},"size":137.1497039794922,"orthographic":false}